<?xml version="1.0" encoding="utf-8" standalone="no"?>
<application xmlns="http://ns.adobe.com/air/application/3.2">

    <id>BunnyMarkMoleHill</id>
    <filename>BunnyMarkMoleHill</filename>
    <name>BunnyMarkMoleHill</name>
    <versionNumber>0.0.0</versionNumber>

    <initialWindow>
        <content>BunnyMark_MoleHill.swf</content>
		<aspectRatio>portrait</aspectRatio>        
        <autoOrients>false</autoOrients>
        <fullScreen>true</fullScreen>
        <visible>true</visible>
        <renderMode>direct</renderMode>
		<depthAndStencil>false</depthAndStencil>
    </initialWindow>

     <supportedProfiles>mobileDevice</supportedProfiles>

    <iPhone>
        <InfoAdditions><![CDATA[
            <key>UIDeviceFamily</key>
            <array>
                <string>1</string>
                <string>2</string>
            </array>
            <key>UIApplicationExitsOnSuspend</key> 
            <true/>
            <key>CTResolveURLAgainstRootSWF</key>
            <true/> 
        ]]></InfoAdditions>
        <requestedDisplayResolution>high</requestedDisplayResolution>
    </iPhone>

	<android>
		<colorDepth>32bit</colorDepth>
    	<manifestAdditions>
			<![CDATA[
	        	<manifest android:installLocation="auto">
	        		<uses-sdk android:targetSdkVersion="11"/>
	          		<uses-permission android:name="android.permission.WRITE_EXTERNAL_STORAGE" />
	          		<uses-permission android:name="android.permission.INTERNET" />
	          		<uses-permission android:name="android.permission.WAKE_LOCK" />
	          		<uses-permission android:name="android.permission.DISABLE_KEYGUARD" />
	          		<uses-permission android:name="android.permission.ACCESS_FINE_LOCATION" />
	          		<uses-permission android:name="android.permission.READ_PHONE_STATE" />
	          		<uses-permission android:name="android.permission.RECORD_AUDIO" />
				</manifest>
			]]>
		</manifestAdditions>
	</android>    
    
</application>
