<?xml version="1.0" encoding="UTF-8"?>
<!-- Created with TexturePacker http://texturepacker.com-->
<!-- $TexturePacker:SmartUpdate:967625d62c2422a189624a82096a87ca$ -->
<TextureAtlas imagePath="atlas.png">
    <SubTexture name="flight_00" x="332" y="580" width="332" height="326" frameX="-82" frameY="-42" frameWidth="440" frameHeight="440"/>
    <SubTexture name="flight_01" x="0" y="0" width="330" height="320" frameX="-84" frameY="-46" frameWidth="440" frameHeight="440"/>
    <SubTexture name="flight_02" x="664" y="580" width="332" height="300" frameX="-82" frameY="-64" frameWidth="440" frameHeight="440"/>
    <SubTexture name="flight_03" x="0" y="1194" width="382" height="286" frameX="-32" frameY="-73" frameWidth="440" frameHeight="440"/>
    <SubTexture name="flight_04" x="0" y="1480" width="402" height="218" frameX="-15" frameY="-135" frameWidth="440" frameHeight="440"/>
    <SubTexture name="flight_05" x="330" y="0" width="330" height="278" frameX="-84" frameY="-133" frameWidth="440" frameHeight="440"/>
    <SubTexture name="flight_06" x="0" y="906" width="332" height="288" frameX="-82" frameY="-131" frameWidth="440" frameHeight="440"/>
    <SubTexture name="flight_07" x="0" y="580" width="332" height="280" frameX="-82" frameY="-132" frameWidth="440" frameHeight="440"/>
    <SubTexture name="flight_08" x="332" y="320" width="332" height="258" frameX="-82" frameY="-134" frameWidth="440" frameHeight="440"/>
    <SubTexture name="flight_09" x="664" y="320" width="332" height="260" frameX="-82" frameY="-137" frameWidth="440" frameHeight="440"/>
    <SubTexture name="flight_10" x="0" y="320" width="332" height="256" frameX="-82" frameY="-144" frameWidth="440" frameHeight="440"/>
    <SubTexture name="flight_11" x="660" y="0" width="330" height="252" frameX="-84" frameY="-148" frameWidth="440" frameHeight="440"/>
    <SubTexture name="flight_12" x="332" y="906" width="376" height="218" frameX="-38" frameY="-149" frameWidth="440" frameHeight="440"/>
    <SubTexture name="flight_13" x="382" y="1194" width="400" height="268" frameX="-14" frameY="-99" frameWidth="440" frameHeight="440"/>
</TextureAtlas>
